cell,target,runs,rps_median,rps_min,rps_max,rps_spread_pct,p50_ms_median,p95_ms_median,p99_ms_median,ok_pct_min,cpu_cores_median,cpu_ms_per_1k_req_median,rss_mb_max,bytes_per_resp
mock-100,fastapi-conventional,3,6803.5,6696.4,7032.9,4.9,6.474,13.139,18.183,100.0,0.86,122.9,65,26235
mock-100,fastapi-orjson,3,8393.1,8234.2,8886.1,7.8,5.229,11.119,14.719,100.0,0.99,117.5,59,26235
mock-100,silta-1thread,3,17212.2,17075.2,18171.8,6.4,2.695,4.253,6.203,100.0,0.97,56.59,139,26235
mock-1000,fastapi-conventional,3,1071.8,1035.1,1105.8,6.6,41.375,77.966,129.178,100.0,0.74,694.54,33,263117
mock-1000,fastapi-orjson,3,1694.3,1450.3,1719.9,15.9,25.802,50.89,59.812,100.0,0.76,447.07,31,263117
mock-1000,silta-1thread,3,2727.4,2478.6,2998.4,19.1,17.124,32.192,45.878,100.0,0.88,324.38,12,263117
mock-3000,fastapi-conventional,3,399.8,390.3,408.8,4.6,108.671,222.816,300.35,100.0,0.81,1983.64,37,791517
mock-3000,fastapi-orjson,3,593.6,564.7,616.7,8.8,72.747,145.914,178.138,100.0,0.96,1614.0,35,791517
mock-3000,silta-1thread,3,941.0,879.5,969.8,9.6,49.202,94.814,98.466,100.0,0.81,863.05,50,791517
mock-10000,fastapi-conventional,3,115.8,111.3,130.5,16.6,368.338,724.953,1314.057,100.0,0.64,5124.23,68,2640919
mock-10000,fastapi-orjson,3,170.2,166.6,175.8,5.4,239.797,480.409,710.217,100.0,0.99,5819.6,65,2640919
mock-10000,silta-1thread,3,268.8,254.8,303.5,18.1,176.596,307.782,334.476,100.0,0.8,2988.56,158,2640919
