run,cell,target,concurrency,duration_s,rps,p50_ms,p95_ms,p99_ms,ok_pct,codes,bytes_per_resp,cpu_seconds,cpu_cores_used,cpu_ms_per_1k_req,rss_kb_after
1,mock-100,fastapi-conventional,50,37.9,6803.5,6.347,13.139,18.548,100.0,"{""200"": 204082}",26235,29.26,0.77,113.45,66880
1,mock-100,fastapi-orjson,50,30.2,8393.1,5.229,11.31,14.719,100.0,"{""200"": 251784}",26235,29.77,0.99,117.5,60704
1,mock-100,silta-1thread,50,30.2,17212.2,2.706,4.253,6.203,100.0,"{""200"": 516382}",26235,29.43,0.97,56.59,18368
1,mock-1000,fastapi-conventional,50,40.0,1105.8,42.035,73.986,102.621,100.0,"{""200"": 33128}",263117,29.54,0.74,668.56,34128
1,mock-1000,fastapi-orjson,50,39.2,1694.3,25.377,50.401,56.729,100.0,"{""200"": 50787}",263117,29.67,0.76,447.07,32144
1,mock-1000,silta-1thread,50,30.3,2478.6,19.349,32.192,33.517,100.0,"{""200"": 74324}",263117,29.75,0.98,396.02,13104
1,mock-3000,fastapi-conventional,50,36.7,408.8,107.966,216.859,270.0,100.0,"{""200"": 12214}",791517,29.69,0.81,1977.87,37456
1,mock-3000,fastapi-orjson,50,36.0,616.7,70.534,145.317,165.803,100.0,"{""200"": 18455}",791517,29.68,0.83,1338.44,36176
1,mock-3000,silta-1thread,50,30.3,879.5,51.785,90.295,97.468,100.0,"{""200"": 26339}",791517,29.83,0.99,1120.9,37872
1,mock-10000,fastapi-conventional,50,46.5,130.5,319.672,685.766,1290.467,100.0,"{""200"": 3865}",2640919,29.71,0.64,4898.52,58736
1,mock-10000,fastapi-orjson,50,30.3,166.6,237.163,480.409,710.217,100.0,"{""200"": 4948}",2640919,29.98,0.99,5949.18,55584
1,mock-10000,silta-1thread,50,36.7,268.8,176.596,315.845,334.476,100.0,"{""200"": 8015}",2640919,29.51,0.8,2988.56,141248
2,mock-100,fastapi-orjson,50,37.5,8886.1,4.926,11.119,15.457,100.0,"{""200"": 266570}",26235,29.54,0.79,88.56,47856
2,mock-100,silta-1thread,50,30.3,17075.2,2.695,4.191,4.887,100.0,"{""200"": 512304}",26235,29.52,0.97,56.99,141424
2,mock-100,fastapi-conventional,50,34.3,7032.9,6.474,12.421,18.183,100.0,"{""200"": 210961}",26235,29.62,0.86,122.9,30448
2,mock-1000,fastapi-orjson,50,40.8,1719.9,25.802,50.89,59.812,100.0,"{""200"": 51553}",263117,29.68,0.73,422.45,32512
2,mock-1000,silta-1thread,50,33.4,2727.4,17.124,32.469,53.013,100.0,"{""200"": 81785}",263117,29.55,0.88,324.38,13072
2,mock-1000,fastapi-conventional,50,39.9,1071.8,41.375,77.966,146.721,100.0,"{""200"": 32111}",263117,29.67,0.74,694.54,30736
2,mock-3000,fastapi-orjson,50,30.1,564.7,72.747,148.162,208.818,100.0,"{""200"": 16894}",791517,29.71,0.99,1745.75,35584
2,mock-3000,silta-1thread,50,40.6,969.8,49.117,94.814,143.886,100.0,"{""200"": 29046}",791517,29.62,0.73,751.43,52000
2,mock-3000,fastapi-conventional,50,37.4,399.8,108.671,224.529,376.52,100.0,"{""200"": 11947}",791517,29.69,0.79,1983.64,36416
2,mock-10000,fastapi-orjson,50,30.3,170.2,244.503,488.19,717.653,100.0,"{""200"": 5058}",2640919,30.0,0.99,5819.6,67552
2,mock-10000,silta-1thread,50,42.2,303.5,163.031,304.607,358.92,100.0,"{""200"": 9058}",2640919,29.4,0.7,2295.91,162608
2,mock-10000,fastapi-conventional,50,30.2,111.3,372.283,724.953,1314.057,100.0,"{""200"": 3290}",2640919,29.96,0.99,8909.74,58928
3,mock-100,silta-1thread,50,35.1,18171.8,2.635,4.44,6.462,100.0,"{""200"": 545161}",26235,29.07,0.83,45.52,142752
3,mock-100,fastapi-conventional,50,30.8,6696.4,6.818,13.28,16.945,100.0,"{""200"": 200863}",26235,29.71,0.96,144.01,60592
3,mock-100,fastapi-orjson,50,30.2,8234.2,5.406,10.278,14.621,100.0,"{""200"": 247009}",26235,29.86,0.99,119.93,30672
3,mock-1000,silta-1thread,50,48.8,2998.4,15.263,31.277,45.878,100.0,"{""200"": 89914}",263117,29.34,0.6,200.56,13120
3,mock-1000,fastapi-conventional,50,36.8,1035.1,39.109,92.645,129.178,100.0,"{""200"": 31009}",263117,29.02,0.79,762.76,31344
3,mock-1000,fastapi-orjson,50,30.2,1450.3,31.888,61.472,84.945,100.0,"{""200"": 43466}",263117,29.18,0.97,666.37,29664
3,mock-3000,silta-1thread,50,36.5,941.0,49.202,95.74,98.466,100.0,"{""200"": 28184}",791517,29.66,0.81,863.05,51968
3,mock-3000,fastapi-conventional,50,36.7,390.3,112.327,222.816,300.35,100.0,"{""200"": 11662}",791517,29.64,0.81,2068.38,37952
3,mock-3000,fastapi-orjson,50,31.0,593.6,75.87,145.914,178.138,100.0,"{""200"": 17759}",791517,29.66,0.96,1614.0,34944
3,mock-10000,silta-1thread,50,30.2,254.8,177.823,307.782,328.724,100.0,"{""200"": 7596}",2640919,29.74,0.98,3864.03,153088
3,mock-10000,fastapi-conventional,50,49.7,115.8,368.338,760.255,1584.59,100.0,"{""200"": 3425}",2640919,29.52,0.59,5124.23,70464
3,mock-10000,fastapi-orjson,50,31.9,175.8,239.797,470.132,570.901,100.0,"{""200"": 5226}",2640919,29.78,0.93,5317.09,66208
